project_name,unit_code
Ashgar Heights (Skyla),3A-001-104
Ashgar Heights (Skyla),3A-004-401
Ashgar Heights (Skyla),3A-004-402
Ashgar Heights (Skyla),3A-004-403
Ashgar Heights (Skyla),3B-000-002
Ashgar Heights (Skyla),3B-000-003
Ashgar Heights (Skyla),3B-001-101
Ashgar Heights (Skyla),3B-004-402
Ashgar Heights (Skyla),3B-004-403
Ashgar Heights (Skyla),3B-004-404
Ashgar Heights (Skyla),5A-001-104
Ashgar Heights (Skyla),5A-002-204
Ashgar Heights (Skyla),5A-004-402
Ashgar Heights (Skyla),5A-004-403
Ashgar Heights (Skyla),5B-000-003
Ashgar Heights (Skyla),5B-001-101
Ashgar Heights (Skyla),5B-004-402
Ashgar Heights (Skyla),5B-004-403
test,6A-000-002
test,6A-001-103
test,6A-002-202
test,6A-003-302
test,6A-003-303
test,6A-004-401
test,6A-004-402
test,6B-000-001
test,6B-001-101
test,6B-001-103
test,6B-003-301
test,6B-004-403
